<?xml version="1.0" encoding="utf-8"?>
<manifest xmlns="http://www.we7.cc" versionCode="">
	
	<application setting='false'>
		<name><![CDATA[ca1_bb1wqe]]></name>

		<identifie><![CDATA[ca1_bb1wqe]]></identifie>

		<version><![CDATA[1.0.0]]></version>

		<ability><![CDATA[]]></ability>

		<type><![CDATA[customer]]></type>

		<description><![CDATA[1]]></description>

		<author><![CDATA[minishilibo1]]></author>

		<url><![CDATA[]]></url>

		<setting><![CDATA[]]></setting>

	</application>

	
	<platform>
		<rule embed="false" />

		<rule embed="false" />

	<supports>

			<item type="wxapp" />
	</supports>

	</platform>

	
	<bindings>

	</bindings>

	<install><![CDATA[]]></install>
	<uninstall><![CDATA[]]></uninstall>
	<upgrade><![CDATA[]]></upgrade>
</manifest>