<?xml version="1.0" encoding="utf-8"?>
<manifest xmlns="http://www.we7.cc" versionCode="">
	
	<application setting='false'>
		<name><![CDATA[共修后台]]></name>

		<identifie><![CDATA[gx_1]]></identifie>

		<version><![CDATA[1.0.0]]></version>

		<ability><![CDATA[]]></ability>

		<type><![CDATA[activity]]></type>

		<description><![CDATA[共修]]></description>

		<author><![CDATA[minishilibo1]]></author>

		<url><![CDATA[]]></url>

		<setting><![CDATA[]]></setting>

	</application>

	
	<platform>
		<handles>

			<message type="text" />
		</handles>

		<rule embed="true" />

		<rule embed="false" />

	<supports>

			<item type="app" />
	</supports>

	</platform>

	
	<bindings>

	</bindings>

	<install><![CDATA[]]></install>
	<uninstall><![CDATA[]]></uninstall>
	<upgrade><![CDATA[]]></upgrade>
</manifest>